<?xml version="1.0" encoding="UTF-8"?>
<project-private xmlns="http://www.netbeans.org/ns/project-private/1">
    <editor-bookmarks xmlns="http://www.netbeans.org/ns/editor-bookmarks/2" lastBookmarkId="0"/>
    <open-files xmlns="http://www.netbeans.org/ns/projectui-open-files/2">
        <group>
            <file>file:/C:/Users/paulo/Desktop/ProjectMacro/ProjectMacro/src/View/CadastroM.java</file>
            <file>file:/C:/Users/paulo/Desktop/ProjectMacro/ProjectMacro/src/View/ListaM.java</file>
            <file>file:/C:/Users/paulo/Desktop/ProjectMacro/ProjectMacro/src/App/App.java</file>
            <file>file:/C:/Users/paulo/Desktop/ProjectMacro/ProjectMacro/src/Controller/TelaController.java</file>
            <file>file:/C:/Users/paulo/Desktop/ProjectMacro/ProjectMacro/src/View/InicioM.java</file>
        </group>
    </open-files>
</project-private>
